<?xml version="1.0" encoding="UTF-8"?>
<!-- IMPORTANT: This is an internal file that has been generated
     by the Xilinx ISE software.  Any direct editing or
     changes made to this file may result in unpredictable
     behavior or data corruption.  It is strongly advised that
     users do not edit the contents of this file. -->
<DeviceUsageSummary rev="124">
<DesignStatistics TimeStamp="Sat Dec 09 22:55:21 2023"><group name="NetStatistics">
<item name="NumNets_Active" rev="124">
<attrib name="value" value="1747"/></item>
<item name="NumNets_Gnd" rev="124">
<attrib name="value" value="1"/></item>
<item name="NumNets_Vcc" rev="124">
<attrib name="value" value="1"/></item>
<item name="NumNodesOfType_Active_BENTQUAD" rev="124">
<attrib name="value" value="917"/></item>
<item name="NumNodesOfType_Active_BOUNCEACROSS" rev="124">
<attrib name="value" value="303"/></item>
<item name="NumNodesOfType_Active_BOUNCEIN" rev="124">
<attrib name="value" value="341"/></item>
<item name="NumNodesOfType_Active_BUFGROUT" rev="124">
<attrib name="value" value="1"/></item>
<item name="NumNodesOfType_Active_BUFINP2OUT" rev="124">
<attrib name="value" value="9"/></item>
<item name="NumNodesOfType_Active_CLKPIN" rev="124">
<attrib name="value" value="415"/></item>
<item name="NumNodesOfType_Active_DOUBLE" rev="124">
<attrib name="value" value="3942"/></item>
<item name="NumNodesOfType_Active_GENERIC" rev="124">
<attrib name="value" value="34"/></item>
<item name="NumNodesOfType_Active_GLOBAL" rev="124">
<attrib name="value" value="435"/></item>
<item name="NumNodesOfType_Active_HLONG" rev="124">
<attrib name="value" value="46"/></item>
<item name="NumNodesOfType_Active_HQUAD" rev="124">
<attrib name="value" value="414"/></item>
<item name="NumNodesOfType_Active_INPUT" rev="124">
<attrib name="value" value="895"/></item>
<item name="NumNodesOfType_Active_IOBIN2OUT" rev="124">
<attrib name="value" value="81"/></item>
<item name="NumNodesOfType_Active_IOBOUTPUT" rev="124">
<attrib name="value" value="81"/></item>
<item name="NumNodesOfType_Active_LUTINPUT" rev="124">
<attrib name="value" value="8406"/></item>
<item name="NumNodesOfType_Active_OUTBOUND" rev="124">
<attrib name="value" value="1653"/></item>
<item name="NumNodesOfType_Active_OUTPUT" rev="124">
<attrib name="value" value="1675"/></item>
<item name="NumNodesOfType_Active_PADINPUT" rev="124">
<attrib name="value" value="50"/></item>
<item name="NumNodesOfType_Active_PADOUTPUT" rev="124">
<attrib name="value" value="31"/></item>
<item name="NumNodesOfType_Active_PINBOUNCE" rev="124">
<attrib name="value" value="1400"/></item>
<item name="NumNodesOfType_Active_PINFEED" rev="124">
<attrib name="value" value="9729"/></item>
<item name="NumNodesOfType_Active_SINGLE" rev="124">
<attrib name="value" value="4683"/></item>
<item name="NumNodesOfType_Active_VLONG" rev="124">
<attrib name="value" value="78"/></item>
<item name="NumNodesOfType_Active_VLONG12" rev="124">
<attrib name="value" value="63"/></item>
<item name="NumNodesOfType_Active_VQUAD" rev="124">
<attrib name="value" value="1112"/></item>
<item name="NumNodesOfType_Vcc_HVCCGNDOUT" rev="124">
<attrib name="value" value="178"/></item>
<item name="NumNodesOfType_Vcc_INPUT" rev="124">
<attrib name="value" value="14"/></item>
<item name="NumNodesOfType_Vcc_IOBIN2OUT" rev="124">
<attrib name="value" value="3"/></item>
<item name="NumNodesOfType_Vcc_IOBOUTPUT" rev="124">
<attrib name="value" value="3"/></item>
<item name="NumNodesOfType_Vcc_LUTINPUT" rev="124">
<attrib name="value" value="386"/></item>
<item name="NumNodesOfType_Vcc_PADINPUT" rev="124">
<attrib name="value" value="3"/></item>
<item name="NumNodesOfType_Vcc_PINBOUNCE" rev="124">
<attrib name="value" value="14"/></item>
<item name="NumNodesOfType_Vcc_PINFEED" rev="124">
<attrib name="value" value="403"/></item>
</group>
<group name="MiscellaneousStatistics">
<item name="AGG_BONDED_IO" rev="123">
<attrib name="value" value="62"/></item>
<item name="AGG_IO" rev="123">
<attrib name="value" value="62"/></item>
<item name="AGG_LOCED_IO" rev="123">
<attrib name="value" value="62"/></item>
<item name="AGG_SLICE" rev="123">
<attrib name="value" value="650"/></item>
<item name="NUM_BONDED_IOB33" rev="123">
<attrib name="value" value="62"/></item>
<item name="NUM_BSFULL" rev="123">
<attrib name="value" value="576"/></item>
<item name="NUM_BSLUTONLY" rev="123">
<attrib name="value" value="1077"/></item>
<item name="NUM_BSREGONLY" rev="123">
<attrib name="value" value="19"/></item>
<item name="NUM_BSUSED" rev="123">
<attrib name="value" value="1672"/></item>
<item name="NUM_BUFG" rev="123">
<attrib name="value" value="1"/></item>
<item name="NUM_DPRAM_O6ONLY" rev="123">
<attrib name="value" value="192"/></item>
<item name="NUM_LOCED_IOB33" rev="123">
<attrib name="value" value="62"/></item>
<item name="NUM_LOGIC_O5ANDO6" rev="123">
<attrib name="value" value="350"/></item>
<item name="NUM_LOGIC_O5ONLY" rev="123">
<attrib name="value" value="36"/></item>
<item name="NUM_LOGIC_O6ONLY" rev="123">
<attrib name="value" value="797"/></item>
<item name="NUM_LUT_RT_DRIVES_CARRY4" rev="123">
<attrib name="value" value="2"/></item>
<item name="NUM_LUT_RT_DRIVES_FLOP" rev="123">
<attrib name="value" value="4"/></item>
<item name="NUM_LUT_RT_EXO5" rev="123">
<attrib name="value" value="4"/></item>
<item name="NUM_LUT_RT_EXO6" rev="123">
<attrib name="value" value="2"/></item>
<item name="NUM_LUT_RT_O6" rev="123">
<attrib name="value" value="36"/></item>
<item name="NUM_SLICEL" rev="123">
<attrib name="value" value="534"/></item>
<item name="NUM_SLICEM" rev="123">
<attrib name="value" value="116"/></item>
<item name="NUM_SLICE_CARRY4" rev="123">
<attrib name="value" value="47"/></item>
<item name="NUM_SLICE_CONTROLSET" rev="123">
<attrib name="value" value="86"/></item>
<item name="NUM_SLICE_CYINIT" rev="123">
<attrib name="value" value="2047"/></item>
<item name="NUM_SLICE_F7MUX" rev="123">
<attrib name="value" value="176"/></item>
<item name="NUM_SLICE_F8MUX" rev="123">
<attrib name="value" value="72"/></item>
<item name="NUM_SLICE_FF" rev="123">
<attrib name="value" value="716"/></item>
<item name="NUM_SLICE_UNUSEDCTRL" rev="123">
<attrib name="value" value="236"/></item>
<item name="NUM_SPRAM_O6ONLY" rev="123">
<attrib name="value" value="272"/></item>
<item name="NUM_UNUSABLE_FF_BELS" rev="123">
<attrib name="value" value="292"/></item>
<item name="Xilinx Core dist_mem_gen_v7_2, Xilinx CORE Generator 14.7" rev="123">
<attrib name="value" value="3"/></item>
</group>
<group name="SiteStatistics">
<item name="BUFG-BUFGCTRL" rev="124">
<attrib name="value" value="1"/></item>
<item name="IOB33-IOB33M" rev="124">
<attrib name="value" value="34"/></item>
<item name="IOB33-IOB33S" rev="124">
<attrib name="value" value="28"/></item>
<item name="SLICEL-SLICEM" rev="124">
<attrib name="value" value="145"/></item>
</group>
</DesignStatistics>
<DeviceUsage TimeStamp="Sat Dec 09 22:55:21 2023"><group name="SiteSummary">
<item name="BUFG" rev="124">
<attrib name="total" value="1000000"/><attrib name="used" value="1"/></item>
<item name="BUFG_BUFG" rev="124">
<attrib name="total" value="1000000"/><attrib name="used" value="1"/></item>
<item name="CARRY4" rev="124">
<attrib name="total" value="1000000"/><attrib name="used" value="47"/></item>
<item name="FF_INIT" rev="124">
<attrib name="total" value="1000000"/><attrib name="used" value="125"/></item>
<item name="HARD0" rev="124">
<attrib name="total" value="1000000"/><attrib name="used" value="5"/></item>
<item name="HARD1" rev="124">
<attrib name="total" value="1000000"/><attrib name="used" value="3"/></item>
<item name="IOB33" rev="124">
<attrib name="total" value="1000000"/><attrib name="used" value="62"/></item>
<item name="IOB33_INBUF_EN" rev="124">
<attrib name="total" value="1000000"/><attrib name="used" value="39"/></item>
<item name="IOB33_OUTBUF" rev="124">
<attrib name="total" value="1000000"/><attrib name="used" value="39"/></item>
<item name="LUT5" rev="124">
<attrib name="total" value="1000000"/><attrib name="used" value="390"/></item>
<item name="LUT6" rev="124">
<attrib name="total" value="1000000"/><attrib name="used" value="1185"/></item>
<item name="LUT_OR_MEM6" rev="124">
<attrib name="total" value="1000000"/><attrib name="used" value="464"/></item>
<item name="PAD" rev="124">
<attrib name="total" value="1000000"/><attrib name="used" value="62"/></item>
<item name="REG_INIT" rev="124">
<attrib name="total" value="1000000"/><attrib name="used" value="591"/></item>
<item name="SELMUX2_1" rev="124">
<attrib name="total" value="1000000"/><attrib name="used" value="248"/></item>
<item name="SLICEL" rev="124">
<attrib name="total" value="1000000"/><attrib name="used" value="534"/></item>
<item name="SLICEM" rev="124">
<attrib name="total" value="1000000"/><attrib name="used" value="116"/></item>
</group>
</DeviceUsage>
<ReportConfigData TimeStamp="Sat Dec 09 22:55:21 2023"><group name="LUT_OR_MEM6">
<item name="CLK" rev="124">
<attrib name="CLK" value="464"/><attrib name="CLK_INV" value="0"/></item>
<item name="LUT_OR_MEM" rev="124">
<attrib name="RAM" value="464"/></item>
<item name="RAMMODE" rev="124">
<attrib name="SPRAM64" value="272"/><attrib name="DPRAM64" value="192"/></item>
</group>
<group name="REG_INIT">
<item name="CK" rev="124">
<attrib name="CK" value="591"/><attrib name="CK_INV" value="0"/></item>
<item name="FFINIT" rev="124">
<attrib name="INIT0" value="533"/><attrib name="INIT1" value="58"/></item>
<item name="FFSR" rev="124">
<attrib name="SRLOW" value="533"/><attrib name="SRHIGH" value="58"/></item>
<item name="LATCH_OR_FF" rev="124">
<attrib name="FF" value="591"/></item>
<item name="SYNC_ATTR" rev="124">
<attrib name="ASYNC" value="584"/><attrib name="SYNC" value="7"/></item>
</group>
<group name="SLICEL">
<item name="CLK" rev="124">
<attrib name="CLK" value="298"/><attrib name="CLK_INV" value="0"/></item>
</group>
<group name="SLICEM">
<item name="CLK" rev="124">
<attrib name="CLK" value="116"/><attrib name="CLK_INV" value="0"/></item>
</group>
<group name="SELMUX2_1">
<item name="0" rev="124">
<attrib name="0" value="248"/><attrib name="0_INV" value="0"/></item>
</group>
<group name="FF_INIT">
<item name="CK" rev="124">
<attrib name="CK" value="125"/><attrib name="CK_INV" value="0"/></item>
<item name="FFINIT" rev="124">
<attrib name="INIT0" value="119"/><attrib name="INIT1" value="6"/></item>
<item name="FFSR" rev="124">
<attrib name="SRLOW" value="119"/><attrib name="SRHIGH" value="6"/></item>
<item name="SYNC_ATTR" rev="124">
<attrib name="ASYNC" value="125"/></item>
</group>
<group name="IOB33_INBUF_EN">
<item name="IBUF_LOW_PWR" rev="124">
<attrib name="TRUE" value="39"/></item>
</group>
</ReportConfigData>
<ReportPinData TimeStamp="Sat Dec 09 22:55:21 2023"><group name="LUT_OR_MEM6">
<item name="A1" rev="124">
<attrib name="value" value="464"/></item>
<item name="A2" rev="124">
<attrib name="value" value="464"/></item>
<item name="A3" rev="124">
<attrib name="value" value="464"/></item>
<item name="A4" rev="124">
<attrib name="value" value="464"/></item>
<item name="A5" rev="124">
<attrib name="value" value="464"/></item>
<item name="A6" rev="124">
<attrib name="value" value="464"/></item>
<item name="CLK" rev="124">
<attrib name="value" value="464"/></item>
<item name="DI1" rev="124">
<attrib name="value" value="464"/></item>
<item name="O6" rev="124">
<attrib name="value" value="432"/></item>
<item name="WA1" rev="124">
<attrib name="value" value="464"/></item>
<item name="WA2" rev="124">
<attrib name="value" value="464"/></item>
<item name="WA3" rev="124">
<attrib name="value" value="464"/></item>
<item name="WA4" rev="124">
<attrib name="value" value="464"/></item>
<item name="WA5" rev="124">
<attrib name="value" value="464"/></item>
<item name="WA6" rev="124">
<attrib name="value" value="464"/></item>
<item name="WA7" rev="124">
<attrib name="value" value="272"/></item>
<item name="WA8" rev="124">
<attrib name="value" value="256"/></item>
<item name="WE" rev="124">
<attrib name="value" value="464"/></item>
</group>
<group name="REG_INIT">
<item name="CE" rev="124">
<attrib name="value" value="376"/></item>
<item name="CK" rev="124">
<attrib name="value" value="591"/></item>
<item name="D" rev="124">
<attrib name="value" value="591"/></item>
<item name="Q" rev="124">
<attrib name="value" value="591"/></item>
<item name="SR" rev="124">
<attrib name="value" value="119"/></item>
</group>
<group name="SLICEL">
<item name="A" rev="124">
<attrib name="value" value="170"/></item>
<item name="A1" rev="124">
<attrib name="value" value="198"/></item>
<item name="A2" rev="124">
<attrib name="value" value="291"/></item>
<item name="A3" rev="124">
<attrib name="value" value="315"/></item>
<item name="A4" rev="124">
<attrib name="value" value="346"/></item>
<item name="A5" rev="124">
<attrib name="value" value="363"/></item>
<item name="A6" rev="124">
<attrib name="value" value="367"/></item>
<item name="AMUX" rev="124">
<attrib name="value" value="80"/></item>
<item name="AQ" rev="124">
<attrib name="value" value="175"/></item>
<item name="AX" rev="124">
<attrib name="value" value="26"/></item>
<item name="B" rev="124">
<attrib name="value" value="114"/></item>
<item name="B1" rev="124">
<attrib name="value" value="140"/></item>
<item name="B2" rev="124">
<attrib name="value" value="213"/></item>
<item name="B3" rev="124">
<attrib name="value" value="247"/></item>
<item name="B4" rev="124">
<attrib name="value" value="270"/></item>
<item name="B5" rev="124">
<attrib name="value" value="285"/></item>
<item name="B6" rev="124">
<attrib name="value" value="285"/></item>
<item name="BMUX" rev="124">
<attrib name="value" value="88"/></item>
<item name="BQ" rev="124">
<attrib name="value" value="144"/></item>
<item name="BX" rev="124">
<attrib name="value" value="24"/></item>
<item name="C" rev="124">
<attrib name="value" value="69"/></item>
<item name="C1" rev="124">
<attrib name="value" value="133"/></item>
<item name="C2" rev="124">
<attrib name="value" value="206"/></item>
<item name="C3" rev="124">
<attrib name="value" value="233"/></item>
<item name="C4" rev="124">
<attrib name="value" value="252"/></item>
<item name="C5" rev="124">
<attrib name="value" value="269"/></item>
<item name="C6" rev="124">
<attrib name="value" value="269"/></item>
<item name="CE" rev="124">
<attrib name="value" value="191"/></item>
<item name="CIN" rev="124">
<attrib name="value" value="36"/></item>
<item name="CLK" rev="124">
<attrib name="value" value="298"/></item>
<item name="CMUX" rev="124">
<attrib name="value" value="105"/></item>
<item name="COUT" rev="124">
<attrib name="value" value="36"/></item>
<item name="CQ" rev="124">
<attrib name="value" value="150"/></item>
<item name="CX" rev="124">
<attrib name="value" value="41"/></item>
<item name="D" rev="124">
<attrib name="value" value="96"/></item>
<item name="D1" rev="124">
<attrib name="value" value="125"/></item>
<item name="D2" rev="124">
<attrib name="value" value="199"/></item>
<item name="D3" rev="124">
<attrib name="value" value="228"/></item>
<item name="D4" rev="124">
<attrib name="value" value="248"/></item>
<item name="D5" rev="124">
<attrib name="value" value="262"/></item>
<item name="D6" rev="124">
<attrib name="value" value="264"/></item>
<item name="DMUX" rev="124">
<attrib name="value" value="64"/></item>
<item name="DQ" rev="124">
<attrib name="value" value="122"/></item>
<item name="DX" rev="124">
<attrib name="value" value="14"/></item>
<item name="SR" rev="124">
<attrib name="value" value="59"/></item>
</group>
<group name="SLICEM">
<item name="A" rev="124">
<attrib name="value" value="48"/></item>
<item name="A1" rev="124">
<attrib name="value" value="116"/></item>
<item name="A2" rev="124">
<attrib name="value" value="116"/></item>
<item name="A3" rev="124">
<attrib name="value" value="116"/></item>
<item name="A4" rev="124">
<attrib name="value" value="116"/></item>
<item name="A5" rev="124">
<attrib name="value" value="116"/></item>
<item name="A6" rev="124">
<attrib name="value" value="116"/></item>
<item name="AI" rev="124">
<attrib name="value" value="48"/></item>
<item name="AMUX" rev="124">
<attrib name="value" value="4"/></item>
<item name="AX" rev="124">
<attrib name="value" value="68"/></item>
<item name="B" rev="124">
<attrib name="value" value="48"/></item>
<item name="B1" rev="124">
<attrib name="value" value="116"/></item>
<item name="B2" rev="124">
<attrib name="value" value="116"/></item>
<item name="B3" rev="124">
<attrib name="value" value="116"/></item>
<item name="B4" rev="124">
<attrib name="value" value="116"/></item>
<item name="B5" rev="124">
<attrib name="value" value="116"/></item>
<item name="B6" rev="124">
<attrib name="value" value="116"/></item>
<item name="BI" rev="124">
<attrib name="value" value="36"/></item>
<item name="BMUX" rev="124">
<attrib name="value" value="64"/></item>
<item name="BX" rev="124">
<attrib name="value" value="64"/></item>
<item name="C" rev="124">
<attrib name="value" value="32"/></item>
<item name="C1" rev="124">
<attrib name="value" value="116"/></item>
<item name="C2" rev="124">
<attrib name="value" value="116"/></item>
<item name="C3" rev="124">
<attrib name="value" value="116"/></item>
<item name="C4" rev="124">
<attrib name="value" value="116"/></item>
<item name="C5" rev="124">
<attrib name="value" value="116"/></item>
<item name="C6" rev="124">
<attrib name="value" value="116"/></item>
<item name="CE" rev="124">
<attrib name="value" value="116"/></item>
<item name="CI" rev="124">
<attrib name="value" value="48"/></item>
<item name="CLK" rev="124">
<attrib name="value" value="116"/></item>
<item name="CMUX" rev="124">
<attrib name="value" value="4"/></item>
<item name="CX" rev="124">
<attrib name="value" value="68"/></item>
<item name="D" rev="124">
<attrib name="value" value="32"/></item>
<item name="D1" rev="124">
<attrib name="value" value="116"/></item>
<item name="D2" rev="124">
<attrib name="value" value="116"/></item>
<item name="D3" rev="124">
<attrib name="value" value="116"/></item>
<item name="D4" rev="124">
<attrib name="value" value="116"/></item>
<item name="D5" rev="124">
<attrib name="value" value="116"/></item>
<item name="D6" rev="124">
<attrib name="value" value="116"/></item>
<item name="DI" rev="124">
<attrib name="value" value="116"/></item>
</group>
<group name="BUFG_BUFG">
<item name="I0" rev="124">
<attrib name="value" value="1"/></item>
<item name="O" rev="124">
<attrib name="value" value="1"/></item>
</group>
<group name="PAD">
<item name="PAD" rev="124">
<attrib name="value" value="62"/></item>
</group>
<group name="IOB33_OUTBUF">
<item name="IN" rev="124">
<attrib name="value" value="39"/></item>
<item name="OUT" rev="124">
<attrib name="value" value="39"/></item>
<item name="TRI" rev="124">
<attrib name="value" value="16"/></item>
</group>
<group name="CARRY4">
<item name="CIN" rev="124">
<attrib name="value" value="36"/></item>
<item name="CO1" rev="124">
<attrib name="value" value="4"/></item>
<item name="CO2" rev="124">
<attrib name="value" value="1"/></item>
<item name="CO3" rev="124">
<attrib name="value" value="37"/></item>
<item name="CYINIT" rev="124">
<attrib name="value" value="11"/></item>
<item name="DI0" rev="124">
<attrib name="value" value="45"/></item>
<item name="DI1" rev="124">
<attrib name="value" value="44"/></item>
<item name="DI2" rev="124">
<attrib name="value" value="40"/></item>
<item name="DI3" rev="124">
<attrib name="value" value="37"/></item>
<item name="O0" rev="124">
<attrib name="value" value="33"/></item>
<item name="O1" rev="124">
<attrib name="value" value="31"/></item>
<item name="O2" rev="124">
<attrib name="value" value="30"/></item>
<item name="O3" rev="124">
<attrib name="value" value="29"/></item>
<item name="S0" rev="124">
<attrib name="value" value="47"/></item>
<item name="S1" rev="124">
<attrib name="value" value="45"/></item>
<item name="S2" rev="124">
<attrib name="value" value="41"/></item>
<item name="S3" rev="124">
<attrib name="value" value="39"/></item>
</group>
<group name="LUT5">
<item name="A1" rev="124">
<attrib name="value" value="104"/></item>
<item name="A2" rev="124">
<attrib name="value" value="232"/></item>
<item name="A3" rev="124">
<attrib name="value" value="229"/></item>
<item name="A4" rev="124">
<attrib name="value" value="132"/></item>
<item name="A5" rev="124">
<attrib name="value" value="216"/></item>
<item name="O5" rev="124">
<attrib name="value" value="390"/></item>
</group>
<group name="LUT6">
<item name="A1" rev="124">
<attrib name="value" value="529"/></item>
<item name="A2" rev="124">
<attrib name="value" value="774"/></item>
<item name="A3" rev="124">
<attrib name="value" value="1003"/></item>
<item name="A4" rev="124">
<attrib name="value" value="1108"/></item>
<item name="A5" rev="124">
<attrib name="value" value="1175"/></item>
<item name="A6" rev="124">
<attrib name="value" value="1185"/></item>
<item name="O6" rev="124">
<attrib name="value" value="1185"/></item>
</group>
<group name="IOB33">
<item name="I" rev="124">
<attrib name="value" value="39"/></item>
<item name="O" rev="124">
<attrib name="value" value="39"/></item>
<item name="PAD" rev="124">
<attrib name="value" value="62"/></item>
<item name="T" rev="124">
<attrib name="value" value="16"/></item>
</group>
<group name="SELMUX2_1">
<item name="0" rev="124">
<attrib name="value" value="248"/></item>
<item name="1" rev="124">
<attrib name="value" value="248"/></item>
<item name="OUT" rev="124">
<attrib name="value" value="248"/></item>
<item name="S0" rev="124">
<attrib name="value" value="248"/></item>
</group>
<group name="FF_INIT">
<item name="CE" rev="124">
<attrib name="value" value="124"/></item>
<item name="CK" rev="124">
<attrib name="value" value="125"/></item>
<item name="D" rev="124">
<attrib name="value" value="125"/></item>
<item name="Q" rev="124">
<attrib name="value" value="125"/></item>
<item name="SR" rev="124">
<attrib name="value" value="7"/></item>
</group>
<group name="HARD0">
<item name="0" rev="124">
<attrib name="value" value="5"/></item>
</group>
<group name="HARD1">
<item name="1" rev="124">
<attrib name="value" value="3"/></item>
</group>
<group name="IOB33_INBUF_EN">
<item name="OUT" rev="124">
<attrib name="value" value="39"/></item>
<item name="PAD" rev="124">
<attrib name="value" value="39"/></item>
</group>
<group name="BUFG">
<item name="I0" rev="124">
<attrib name="value" value="1"/></item>
<item name="O" rev="124">
<attrib name="value" value="1"/></item>
</group>
</ReportPinData>
<CmdHistory>
</CmdHistory>
</DeviceUsageSummary>
